{
  "LG summary": {
    "n": 50,
    "topics_n_avg": 9.74,
    "directive_rate": 1.0,
    "action_rate": 1.0,
    "llm_calls_avg": 3.0,
    "tokens_avg": 931.14,
    "latency_avg_ms": 5049.294537999776,
    "latency_p50_ms": 4975.857099998393,
    "latency_p90_ms": 6581.326699999408,
    "cost_avg_usd": 0.00021033,
    "cost_total_usd": 0.0105165
  },
  "TB summary": {
    "n": 50,
    "topics_n_avg": 3.32,
    "directive_rate": 1.0,
    "action_rate": 1.0,
    "llm_calls_avg": 1.0,
    "tokens_avg": 337.38,
    "latency_avg_ms": 1148.0789399999776,
    "latency_p50_ms": 1069.6500999983982,
    "latency_p90_ms": 1517.737500000294,
    "cost_avg_usd": 6.0092999999999995e-05,
    "cost_total_usd": 0.0030046499999999998
  }
}